name, date, CDR1H, CDR3H, CDR1HAA, CDR3HAA, expression, PE_log10_fluorescein=0, PE_log10_fluorescein=-9.5, PE_log10_fluorescein=-9, PE_log10_fluorescein=-8.5, PE_log10_fluorescein=-8, PE_log10_fluorescein=-7.5, PE_log10_fluorescein=-7, PE_log10_fluorescein=-6.5, PE_log10_fluorescein=-6, PE_log10_fluorescein=-5.5, PE_log10_fluorescein=-5, mu_0, KD, mu_1, wt_synonymous
18, 16.4.18, ACTTTTAGTGACTACTCAATGAACTGGGTC, ACCCCAGTAGTCCATACCATAGTAAGAACC, TFSDYSMNWV, GSYYGMDYWG, 8276.26947984, 254.326810968, 251.125874795, 236.979583689, 269.164946562, 289.309349009, 232.453873075, 258.712508512, 246.818019944, 237.695725147, 241.470669917, 310.004880524, 254.326810968, 0.0019194598215, 7996.58374538
94, 16.4.18, ACTTTTAGTGACTACTGGATGAACTGGGTC, ACCCCAAGAGTCCATACCATAGTAAGAACC, TFSDYWMNWV, GSYYGMDSWG, 7518.22658628, 327.66211731, 537.610197874, 628.533149196, 833.481047842, 791.038803588, 1274.50576969, 1200.05498613, 1287.12793683, 1343.24243039, 1648.71220571, 1983.76860857, 327.66211731, 3.28625272359e-09, 1075.06626814
3, 16.4.18, ACTTTTAGTGACTACTGGATGTCTTGGGTC, ACCCCAGTAGTCCATACCATAGTAAGAACC, TFSDYWMSWV, GSYYGMDYWG, 11980.7941951, 254.513873824, 292.1580063, 278.364814027, 269.214479688, 285.039982521, 293.848609058, 311.107976815, 307.863135697, 318.60335947, 423.82506925, 525.6164839, 254.513873824, 1.41730835917e-05, 799.658374538
71, 16.4.18, ACTTTTTCAGACTACTGGATGAACTGGGTC, ACCCCAGTAGTCCATACCATATCTAGAACC, TFSDYWMNWV, GSRYGMDYWG, 19253.4949097, 460.877971278, 458.695499106, 663.087634428, 477.868940066, 381.859749311, 555.001960397, 641.97323876, 631.010311935, 831.945243053, 1009.72111308, 1784.74141025, 460.877971278, 3.30038505596e-06, 1539.65914711
delta, 16.4.18, GAACCTCAGTCACCGTCTCCTCAGAACAAA, CCAGAGGCAACACAGGAGAGTTTCATGGGC, EPQSPSPQNK, AHETLLCCLW, 380.382253528, 232.560508937, 232.643444463, 240.505097337, 230.39615739, 254.927586841, 243.860474404, 270.753904781, 236.503895272, 264.902888334, 285.195178638, 396.6070118, 232.560508937, 3.88072287811e-05, 799.658374538
103, 16.4.18, ACTTTTAGTGACTACTGGATGAACTGGGTC, ACCCCACAGGTCCATACCATAGTAAGAACC, TFSDYWMNWV, GSYYGMDLWG, 8312.86955458, 272.987266877, 277.891488377, 290.892330977, 285.890058939, 259.569455988, 256.57702509, 272.38333691, 289.579631216, 361.440970619, 420.240614316, 8812.58304607, 272.987266877, 2.89746673667e-05, 7996.58374538
107, 16.4.18, ACTTTTAGTGACTACTGGATGAACTGGGTC, ACCCCAGTAGTCCATACCATAGTACGCACC, TFSDYWMNWV, GAYYGMDYWG, 5549.24580716, 458.635522011, 1289.75183272, 1979.43579626, 2255.22180903, 2201.03127461, 2245.4993905, 2853.87394093, 2566.02472233, 2766.29647546, 2912.44897397, 3887.87125386, 458.635522011, 5.84977632278e-10, 2296.68032273
pJK36, 16.5.19, ACTTTTAGTGACTACTGGATGAACTGGGTC, ACCCCAGTAGTCCATACCATAGTAAGAACC, TFSDYWMNWV, GSYYGMDYWG, 9425.19687324, 332.472194449, 1151.63683401, 1768.83789171, 2582.49871939, 2367.22430594, 2853.8058335, 3058.78018238, 3492.37723974, 3808.46527689, 4453.18073209, 4628.06492611, 332.472194449, 1.12174922216e-09, 3183.29708617
18, 16.5.19, ACTTTTAGTGACTACTCAATGAACTGGGTC, ACCCCAGTAGTCCATACCATAGTAAGAACC, TFSDYSMNWV, GSYYGMDYWG, 8179.95127916, 345.497782244, 357.501521012, 350.435500016, 347.966143717, 356.489345759, 352.996865581, 353.562308488, 347.688980752, 356.394914299, 396.61442345, 599.362607331, 345.497782244, 0.000293489650653, 7099.56083739
94, 16.5.19, ACTTTTAGTGACTACTGGATGAACTGGGTC, ACCCCAAGAGTCCATACCATAGTAAGAACC, TFSDYWMNWV, GSYYGMDSWG, 8500.68066921, 359.356325101, 593.005162207, 1088.67892917, 1280.24245869, 1623.95786677, 1858.27673256, 2041.82772411, 2347.94491542, 2422.73463828, 2674.91726088, 3315.54596952, 359.356325101, 2.6794525958e-09, 2023.63306962
3, 16.5.19, ACTTTTAGTGACTACTGGATGTCTTGGGTC, ACCCCAGTAGTCCATACCATAGTAAGAACC, TFSDYWMSWV, GSYYGMDYWG, 6455.50773802, 385.820296162, 407.367948801, 373.536501842, 383.979735947, 404.043386518, 377.958340558, 403.380207441, 617.712934945, 481.137066314, 619.496358872, 840.037924049, 385.820296162, 4.82334848284e-06, 709.956083739
71, 16.5.19, ACTTTTTCAGACTACTGGATGAACTGGGTC, ACCCCAGTAGTCCATACCATATCTAGAACC, TFSDYWMNWV, GSRYGMDYWG, 567.861593354, 395.200463525, 431.052571385, 488.302045476, 484.742743524, 475.341594522, 675.556865552, 883.490831957, 1637.80344173, 1919.74902172, 2113.55858831, 2941.95204116, 395.200463525, 2.73145239708e-07, 2156.18622556
delta, 16.5.19, GAACCTCAGTCACCGTCTCCTCAGAACAAA, CCAGAGGCAACACAGGAGAGTTTCATGGGC, EPQSPSPQNK, AHETLLCCLW, 748.021018254, 350.686191025, 376.406863279, 341.310563635, 356.696366795, 343.925157727, 336.209749497, 363.229441655, 344.75106717, 382.031200578, 408.449765629, 565.88674953, 350.686191025, 0.000327359735531, 7099.56083739
103, 16.5.19, ACTTTTAGTGACTACTGGATGAACTGGGTC, ACCCCACAGGTCCATACCATAGTAAGAACC, TFSDYWMNWV, GSYYGMDLWG, 6516.50707186, 333.308930381, 356.114133981, 357.616141416, 386.020233722, 394.63496207, 416.22732899, 466.9617792, 596.212426227, 787.18017741, 779.620593517, 1070.38682372, 333.308930381, 5.01035866113e-07, 709.956083739
107, 16.5.19, ACTTTTAGTGACTACTGGATGAACTGGGTC, ACCCCAGTAGTCCATACCATAGTACGCACC, TFSDYWMNWV, GAYYGMDYWG, 8166.56308891, 379.957718545, 1847.26607519, 2569.04851527, 2948.36453095, 2862.18595995, 3185.15909376, 3494.34802896, 3678.3764549, 3922.68619695, 3764.32551694, 3999.38906505, 379.957718545, 4.04138563695e-10, 3155.35033041
pJK36, 16.5.21, ACTTTTAGTGACTACTGGATGAACTGGGTC, ACCCCAGTAGTCCATACCATAGTAAGAACC, TFSDYWMNWV, GSYYGMDYWG, 8267.18426223, 415.36831115, 908.049775127, 1766.73467929, 1881.51901063, 2318.32792825, 2701.15312928, 2740.3130417, 3131.928698, 3516.90021493, 4103.93458647, 4237.3728306, 415.36831115, 1.62501002101e-09, 2842.82491657
18, 16.5.21, ACTTTTAGTGACTACTCAATGAACTGGGTC, ACCCCAGTAGTCCATACCATAGTAAGAACC, TFSDYSMNWV, GSYYGMDYWG, 10070.1853663, 487.198171413, 404.826638378, 410.04033766, 414.827447524, 381.208064212, 424.961804279, 383.706440239, 355.657658579, 364.606787427, 379.106299078, 483.434965738, 487.198171413, 1.0, 537.351853827
3, 16.5.21, ACTTTTAGTGACTACTGGATGTCTTGGGTC, ACCCCAGTAGTCCATACCATAGTAAGAACC, TFSDYWMSWV, GSYYGMDYWG, 10673.0259081, 445.305130715, 419.446329791, 446.489685585, 435.308759017, 371.425574034, 405.386602333, 373.821078777, 436.169987127, 539.283525407, 560.136376288, 947.246602091, 445.305130715, 0.000104010217397, 5373.51853827
delta, 16.5.21, GAACCTCAGTCACCGTCTCCTCAGAACAAA, CCAGAGGCAACACAGGAGAGTTTCATGGGC, EPQSPSPQNK, AHETLLCCLW, 790.421529769, 455.944833563, 440.74890644, 452.211941055, 376.924974824, 397.698441336, 403.476110293, 380.136499516, 361.545716081, 412.754919463, 395.133519343, 659.950900424, 455.944833563, 0.000403517561434, 5373.51853827
103, 16.5.21, ACTTTTAGTGACTACTGGATGAACTGGGTC, ACCCCACAGGTCCATACCATAGTAAGAACC, TFSDYWMNWV, GSYYGMDLWG, 7003.91590413, 410.996249058, 414.787126384, 339.357311551, 367.92284746, 381.010209497, 358.071578836, 365.406130123, 353.445631922, 471.992001087, 666.873202161, 917.992109705, 410.996249058, 2.5297218926e-05, 1844.88275434
107, 16.5.21, ACTTTTAGTGACTACTGGATGAACTGGGTC, ACCCCAGTAGTCCATACCATAGTACGCACC, TFSDYWMNWV, GAYYGMDYWG, 8454.92652728, 469.686133263, 1237.73921859, 2013.01948208, 2301.35308294, 2343.54023548, 2533.26096145, 2693.31400881, 2761.43222535, 2945.77396382, 2761.43222535, 2945.77396382, 469.686133263, 5.91505352309e-10, 2266.35898118
144, 16.6.10, GTCTTTAGTGACTACTGGATGAACTGGGTC, ACCCCAGTAGTCCATACCATAGTAAGAACC, VFSDYWMNWV, GSYYGMDYWG, 13498.3747085, 267.66658788, 497.666835663, 794.418257712, 1042.82948157, 1473.40008018, 1532.3510176, 1741.18984807, 1970.57343412, 2168.43601939, 2389.00274701, 2733.69324436, 267.66658788, 2.9708790432e-09, 1790.27961308
22, 16.6.10, TCCTCTAGTGACTACTGGATGAACTGGGTC, ACCCCAGTAGTCCATACCATAGTAAGAACC, SSSDYWMNWV, GSYYGMDYWG, 5441.8141067, 272.959878353, 272.705495832, 251.501243505, 262.66988633, 301.376121971, 278.370646545, 294.110760602, 286.341732529, 325.053230297, 444.78837676, 526.36398658, 272.959878353, 6.69039620191e-06, 462.318856101
pJK36, 16.6.10, ACTTTTAGTGACTACTGGATGAACTGGGTC, ACCCCAGTAGTCCATACCATAGTAAGAACC, TFSDYWMNWV, GSYYGMDYWG, 14333.9865267, 261.433652483, 589.132594813, 975.900592392, 1477.91841981, 1463.90082126, 1593.42824034, 2175.13172854, 2148.05769813, 2361.5343995, 2866.14169554, 3042.681191, 261.433652483, 1.97499357538e-09, 2006.81404718
112, 16.6.10, ACTTTTAGTGACTACTGGATGAACTGGGTC, ACCGCAGTAGTCCATACCATAGTAAGAACC, TFSDYWMNWV, GSYYGMDYCG, 11353.6914568, 294.962159401, 437.868908439, 496.245942323, 566.495962355, 560.446606055, 600.580691001, 599.399862821, 645.189722897, 623.837406296, 676.351244848, 727.289259648, 294.962159401, 1.52901264762e-09, 462.318856101
132, 16.6.10, ACTTTTATGGACTACTGGCTAAACTGGGTC, ACCCCAGTAGTCCATACCATAGTAAGAACC, TFMDYWLNWV, GSYYGMDYWG, 13422.7098794, 318.743886317, 404.732763739, 580.506127082, 762.327026389, 889.990565066, 937.93686179, 1095.65275739, 1123.29126555, 1231.772878, 1418.00251478, 1574.67902311, 318.743886317, 3.38961561037e-09, 908.851022954
delta, 16.6.10, GAACCTCAGTCACCGTCTCCTCAGAACAAA, CCAGAGGCAACACAGGAGAGTTTCATGGGC, EPQSPSPQNK, AHETLLCCLW, 591.712881651, 302.324932218, 241.300373645, 278.200568371, 260.176801787, 236.538318472, 242.665356177, 243.097159013, 256.741975345, 250.393867938, 284.506413937, 331.793470758, 302.324932218, 0.00372264384064, 4623.18856101
102, 16.6.10, ACTTTTAGTGACTACTGGATGAACTGGGTC, ACCCCAGTAGTCCATACCATACTTAGATGA, TFSDYWMNWV, SSKYGMDYWG, 15738.1333753, 294.325997679, 290.742942155, 296.57176016, 281.288384567, 302.664302331, 357.739478886, 511.146760255, 498.193534106, 627.392470084, 686.299245877, 1297.36395821, 294.325997679, 6.87947770375e-07, 723.183866391
144, 16.6.28, GTCTTTAGTGACTACTGGATGAACTGGGTC, ACCCCAGTAGTCCATACCATAGTAAGAACC, VFSDYWMNWV, GSYYGMDYWG, 6765.85514587, 301.700588471, 423.457345336, 597.109430673, 876.617261668, 865.216554811, 1002.73420054, 1189.11842549, 1092.06536912, 1279.30896069, 1284.86072137, 1512.35492785, 301.700588471, 2.29390606223e-09, 910.599671594
22, 16.6.28, TCCTCTAGTGACTACTGGATGAACTGGGTC, ACCCCAGTAGTCCATACCATAGTAAGAACC, SSSDYWMNWV, GSYYGMDYWG, 13174.3377559, 361.254972842, 329.768816986, 315.465396617, 370.033192221, 402.209793987, 470.425531229, 496.902828892, 674.815972142, 792.813260789, 1128.35884764, 999.588622684, 361.254972842, 3.80064548823e-07, 708.76624837
pJK36, 16.6.28, ACTTTTAGTGACTACTGGATGAACTGGGTC, ACCCCAGTAGTCCATACCATAGTAAGAACC, TFSDYWMNWV, GSYYGMDYWG, 14451.5332308, 288.368584685, 645.541771726, 909.233414725, 1241.94015989, 1429.36419159, 1550.18297582, 1513.83028007, 2152.87185286, 2358.82740931, 2563.69549781, 2768.73765634, 288.368584685, 1.89458533138e-09, 1762.15315793
112, 16.6.28, ACTTTTAGTGACTACTGGATGAACTGGGTC, ACCGCAGTAGTCCATACCATAGTAAGAACC, TFSDYWMNWV, GSYYGMDYCG, 4145.23484725, 325.334519718, 463.036154581, 528.283597995, 576.669227568, 592.264466434, 595.989801543, 637.182502835, 632.220028136, 638.106117835, 666.37987443, 687.223283842, 325.334519718, 1.18378110277e-09, 412.417366069
132, 16.6.28, ACTTTTATGGACTACTGGCTAAACTGGGTC, ACCCCAGTAGTCCATACCATAGTAAGAACC, TFMDYWLNWV, GSYYGMDYWG, 4878.95135905, 351.099831714, 428.180525959, 560.828739471, 791.067155459, 851.64580799, 1009.87506375, 1189.21979964, 1123.48201824, 1361.10251633, 1532.77796381, 1648.54194461, 351.099831714, 4.88660097737e-09, 966.712994134
delta, 16.6.28, GAACCTCAGTCACCGTCTCCTCAGAACAAA, CCAGAGGCAACACAGGAGAGTTTCATGGGC, EPQSPSPQNK, AHETLLCCLW, 540.543863597, 337.714146677, 286.161194024, 310.746998658, 320.039775198, 308.467398243, 310.983925421, 308.056076134, 296.627123762, 309.56312216, 329.441395686, 508.43955306, 337.714146677, 0.000307784106584, 4124.17366069
102, 16.6.28, ACTTTTAGTGACTACTGGATGAACTGGGTC, ACCCCAGTAGTCCATACCATACTTAGATGA, TFSDYWMNWV, SSKYGMDYWG, 8232.52230674, 295.941679315, 276.133901082, 298.439193003, 314.849435287, 323.764983725, 327.020895635, 348.54469705, 429.620674848, 423.74501595, 676.679876026, 875.591350367, 295.941679315, 2.79707728081e-06, 718.388724189
delta, 16.6.4, GAACCTCAGTCACCGTCTCCTCAGAACAAA, CCAGAGGCAACACAGGAGAGTTTCATGGGC, EPQSPSPQNK, AHETLLCCLW, 297.452139613, 323.343729235, 318.01011754, 313.743861396, 325.2974205, 316.453720746, 328.904718108, 325.373649335, 332.322066795, 333.274809604, 361.100054092, 429.603751548, 323.343729235, 5.49034915264e-05, 689.626504987
94, 16.6.4, ACTTTTAGTGACTACTGGATGAACTGGGTC, ACCCCAAGAGTCCATACCATAGTAAGAACC, TFSDYWMNWV, GSYYGMDSWG, 3774.42566773, 335.454091206, 425.207908484, 540.344896162, 797.495736502, 924.013566869, 1047.13744485, 1184.44104327, 1332.92575993, 1485.68525159, 1428.72348696, 1684.50483716, 335.454091206, 4.84632082758e-09, 1042.3221441
71, 16.6.4, ACTTTTTCAGACTACTGGATGAACTGGGTC, ACCCCAGTAGTCCATACCATATCTAGAACC, TFSDYWMNWV, GSRYGMDYWG, 7212.4787097, 353.315176941, 359.050349814, 358.749588262, 406.529321839, 463.380510861, 523.147042147, 770.993362638, 664.134319813, 942.172641216, 1484.45135209, 1816.04227654, 353.315176941, 3.98166685385e-07, 1190.94417335
pJK36, 16.6.4, ACTTTTAGTGACTACTGGATGAACTGGGTC, ACCCCAGTAGTCCATACCATAGTAAGAACC, TFSDYWMNWV, GSYYGMDYWG, 4640.21009887, 292.027937044, 752.610775768, 1387.98811946, 1914.3668512, 2371.6336194, 2423.6695274, 3085.18287685, 3091.38948571, 3316.19961134, 3420.73036531, 3741.11249122, 292.027937044, 1.79549773362e-09, 2832.50676676
144, 16.6.8, GTCTTTAGTGACTACTGGATGAACTGGGTC, ACCCCAGTAGTCCATACCATAGTAAGAACC, VFSDYWMNWV, GSYYGMDYWG, 4917.23914574, 316.596512938, 500.336078695, 795.656044597, 1111.04001467, 1567.44838801, 1407.1768767, 1584.87972475, 1748.58007265, 2185.12456108, 2310.66606953, 2631.468752, 316.596512938, 2.92512403361e-09, 1652.65451338
22, 16.6.8, TCCTCTAGTGACTACTGGATGAACTGGGTC, ACCCCAGTAGTCCATACCATAGTAAGAACC, SSSDYWMNWV, GSYYGMDYWG, 5770.45476897, 315.497656841, 317.237949984, 314.067371054, 325.254769355, 315.107239218, 345.171384132, 358.004984478, 437.113977592, 438.107742032, 847.001108622, 958.542458635, 315.497656841, 3.42781278981e-06, 912.493435115
pJK36, 16.6.8, ACTTTTAGTGACTACTGGATGAACTGGGTC, ACCCCAGTAGTCCATACCATAGTAAGAACC, TFSDYWMNWV, GSYYGMDYWG, 6664.72027234, 314.900663755, 471.733841701, 757.314006403, 1084.77426208, 1352.24366321, 1668.6398408, 2059.90134902, 2038.56892817, 2494.92722749, 2746.59717787, 2746.24526907, 314.900663755, 4.83222679779e-09, 1979.8519861
112, 16.6.8, ACTTTTAGTGACTACTGGATGAACTGGGTC, ACCGCAGTAGTCCATACCATAGTAAGAACC, TFSDYWMNWV, GSYYGMDYCG, 3208.95421711, 331.083467206, 478.282671835, 614.57738593, 642.417792454, 720.486166689, 763.197661898, 788.054424235, 747.348098006, 784.78151725, 840.845479012, 911.858498587, 331.083467206, 8.0536989389e-10, 471.172015258
delta, 16.6.8, GAACCTCAGTCACCGTCTCCTCAGAACAAA, CCAGAGGCAACACAGGAGAGTTTCATGGGC, EPQSPSPQNK, AHETLLCCLW, 400.751845311, 302.705800432, 292.780807702, 317.906127132, 279.276758319, 312.379240068, 285.395478394, 296.896335394, 287.195931394, 281.780498959, 338.923396056, 342.525517733, 302.705800432, 9.80215517526e-05, 471.172015258
102, 16.6.8, ACTTTTAGTGACTACTGGATGAACTGGGTC, ACCCCAGTAGTCCATACCATACTTAGATGA, TFSDYWMNWV, SSKYGMDYWG, 6562.5159309, 335.896240023, 306.969886034, 310.061872212, 334.759005511, 312.060504436, 330.136970323, 414.389006621, 426.842959096, 773.802896149, 626.543545646, 1348.86802285, 335.896240023, 2.75808951001e-06, 1037.1313104
39, 16.7.22, ACTTTTAGTGACTACTGGATGAACTGGGTC, GGCCCAGTAGTCCATACCATAGTAAGAACC, TFSDYWMNWV, GSYYGMDYWA, 6234.88583485, 253.856769408, 182.462639767, 251.399837819, 386.10939418, 503.76062825, 563.031897048, 811.446932192, 1234.9339301, 1423.12847822, 1450.67205623, 1884.58784309, 253.856769408, 8.27977183767e-08, 1305.80817876
45, 16.7.22, ACTTTTAGTGACTACTGGATGAACTGGGTC, ACCCCAGTAGTCATTACCGTCGTAAGAACC, TFSDYWMNWV, GSYDGNDYWG, 8555.10007491, 145.364660538, 345.675661616, 181.666004627, 164.270664693, 153.063167027, 143.981014398, 175.221861284, 376.125906819, 549.31287545, 584.303427047, 1084.14451554, 145.364660538, 1.36855447698e-06, 885.2458011
7, 16.7.22, CACTTTAGTGACTACTGGATGAACTGGCTG, ACCCCAGTAGTCCATACCATAGTAAGAACC, HFSDYWMNWL, GSYYGMDYWG, 4798.88986626, 247.886726124, 213.55402066, 205.287426441, 159.953775436, 178.144605153, 181.333421283, 320.085075121, 286.414994375, 423.464705239, 519.914681915, 868.004010184, 247.886726124, 6.10401799994e-06, 954.457690504
delta, 16.7.22, GAACCTCAGTCACCGTCTCCTCAGAACAAA, CCAGAGGCAACACAGGAGAGTTTCATGGGC, EPQSPSPQNK, AHETLLCCLW, 278.365962074, 178.036884121, 227.534244176, 205.82204396, 163.392362402, 185.748596517, 128.402076535, 207.964540128, 212.017984339, 181.370475457, 240.250570126, 565.505339591, 178.036884121, 0.000100319945121, 3480.27765229
39, 16.7.26, ACTTTTAGTGACTACTGGATGAACTGGGTC, GGCCCAGTAGTCCATACCATAGTAAGAACC, TFSDYWMNWV, GSYYGMDYWA, 5166.19320091, 113.67971873, 122.591827552, 124.554874139, 431.682949965, 608.393223706, 990.649898265, 1387.07774684, 1649.86568442, 1999.24423181, 2061.13899539, 2835.72026232, 113.67971873, 3.12117462712e-08, 1979.46590003
pJK36, 16.7.26, ACTTTTAGTGACTACTGGATGAACTGGGTC, ACCCCAGTAGTCCATACCATAGTAAGAACC, TFSDYWMNWV, GSYYGMDYWG, 748.893451626, 93.042511014, 585.211815279, 1564.15763563, 2615.21550894, 3601.22643056, 3553.87580957, 3939.75844287, 4280.6467614, 4903.88151032, 5668.71885107, 6227.00820681, 93.042511014, 2.53950132856e-09, 4656.03898325
45, 16.7.26, ACTTTTAGTGACTACTGGATGAACTGGGTC, ACCCCAGTAGTCATTACCGTCGTAAGAACC, TFSDYWMNWV, GSYDGNDYWG, 8193.46988979, 125.304559116, 96.1753677843, 99.2840808489, 135.780873462, 116.992211266, 247.595112592, 275.883971683, 276.357597319, 337.403734623, 448.231347242, 760.516020648, 125.304559116, 3.24835660667e-06, 1056.74370309
133, 16.7.26, GCATTTAGTGACTACTGGATGAACTGGGTC, ACCCCAGTAGTCCATACCATAGTAAGAACC, AFSDYWMNWV, GSYYGMDYWG, 5960.90573234, 90.3724945671, 638.086009294, 1932.49908711, 2852.86935656, 4243.68890642, 4806.93387868, 5108.11744786, 5529.61203995, 6177.94289569, 6493.35803614, 7103.98542775, 90.3724945671, 2.79205637882e-09, 5781.40999046
5, 16.7.26, ACTTTTAGTGACTACTGGATTAACTGGGTC, ACCCCAGTAGTCCATACCATAGTAAGAACC, TFSDYWINWV, GSYYGMDYWG, 5269.98575464, 138.803752573, 392.137241906, 1014.45196108, 1807.27929214, 2255.65872189, 2557.33555642, 2952.24154427, 3303.29449653, 3372.17721844, 3676.01641998, 3979.22256769, 138.803752573, 3.19072431563e-09, 3190.9470717
7, 16.7.26, CACTTTAGTGACTACTGGATGAACTGGCTG, ACCCCAGTAGTCCATACCATAGTAAGAACC, HFSDYWMNWL, GSYYGMDYWG, 5328.96154285, 162.126077852, 120.591723817, 102.009021763, 150.636531598, 205.712317793, 353.547764112, 481.398393129, 265.975116303, 556.203506538, 788.516308775, 1014.59107207, 162.126077852, 1.08552721916e-06, 1056.74370309
delta, 16.7.26, GAACCTCAGTCACCGTCTCCTCAGAACAAA, CCAGAGGCAACACAGGAGAGTTTCATGGGC, EPQSPSPQNK, AHETLLCCLW, 169.091302111, 166.500367333, 141.791451858, 100.622636578, 120.220163345, 86.7222850352, 138.873978042, 104.038924497, 136.695961778, 144.557535558, 134.411267687, 335.405392285, 166.500367333, 0.00102471796822, 10567.4370309
93, 16.7.26, ACTTTTAGTGACTACTGGATGAACTGGGTC, ACCCCAGTAGTCCATACCTCTGTAAGAACC, TFSDYWMNWV, GSYRGMDYWG, 8171.98076477, 96.5309424159, 98.4745596678, 337.692446518, 493.682304822, 740.857877522, 751.005446772, 1792.63063833, 2037.86967169, 3335.00952566, 3536.97438563, 4477.28708894, 96.5309424159, 3.14617006027e-08, 2853.77805023
39, 16.7.27, ACTTTTAGTGACTACTGGATGAACTGGGTC, GGCCCAGTAGTCCATACCATAGTAAGAACC, TFSDYWMNWV, GSYYGMDYWA, 4096.71338859, 150.401830572, 200.127081949, 174.899596009, 178.386835417, 251.137478082, 229.571718292, 508.26390467, 760.00865023, 1130.13730471, 1044.49531054, 1210.44259953, 150.401830572, 2.15570195682e-07, 1059.6995808
pJK36, 16.7.27, ACTTTTAGTGACTACTGGATGAACTGGGTC, ACCCCAGTAGTCCATACCATAGTAAGAACC, TFSDYWMNWV, GSYYGMDYWG, 7008.00990693, 258.570930718, 534.646493109, 840.999318865, 1385.42141262, 2189.06599676, 2499.27486434, 3597.77569948, 3898.33610059, 4282.15733349, 4877.42940956, 5311.5352041, 258.570930718, 6.90062593796e-09, 3876.5440625
45, 16.7.27, ACTTTTAGTGACTACTGGATGAACTGGGTC, ACCCCAGTAGTCATTACCGTCGTAAGAACC, TFSDYWMNWV, GSYDGNDYWG, 4469.6391318, 140.243562967, 172.321390412, 139.494517306, 297.768038298, 166.043716827, 227.167429998, 134.585353355, 201.165253199, 185.542562148, 261.232161663, 452.99328531, 140.243562967, 1.44172408241e-05, 763.233874925
133, 16.7.27, GCATTTAGTGACTACTGGATGAACTGGGTC, ACCCCAGTAGTCCATACCATAGTAAGAACC, AFSDYWMNWV, GSYYGMDYWG, 4271.75312474, 253.053249917, 363.103933658, 1275.50372184, 1147.04006095, 1583.80902571, 2017.42389625, 2668.57010791, 2590.8915765, 2577.01611895, 3466.12203011, 3904.34136079, 253.053249917, 3.82010072562e-09, 2538.47349141
5, 16.7.27, ACTTTTAGTGACTACTGGATTAACTGGGTC, ACCCCAGTAGTCCATACCATAGTAAGAACC, TFSDYWINWV, GSYYGMDYWG, 5310.07065131, 169.20222008, 270.639430063, 442.181029851, 876.60814539, 982.888007856, 1758.38103522, 1728.33125782, 2038.77008627, 2321.90676407, 2707.14085461, 2805.60630805, 169.20222008, 7.88302206527e-09, 2094.97456459
7, 16.7.27, CACTTTAGTGACTACTGGATGAACTGGCTG, ACCCCAGTAGTCCATACCATAGTAAGAACC, HFSDYWMNWL, GSYYGMDYWG, 4175.57044681, 199.623900618, 161.943589816, 153.10825079, 166.95217252, 195.183538596, 181.27223288, 327.019705658, 261.556117141, 387.460375815, 493.135932129, 636.242322683, 199.623900618, 3.9415773877e-06, 763.233874925
delta, 16.7.27, GAACCTCAGTCACCGTCTCCTCAGAACAAA, CCAGAGGCAACACAGGAGAGTTTCATGGGC, EPQSPSPQNK, AHETLLCCLW, 355.563478888, 131.53865166, 131.682367612, 187.589682036, 150.871862521, 123.691389824, 147.161829751, 129.373071724, 74.9084903728, 158.482834777, 283.193010239, 406.820043331, 131.53865166, 5.79628914315e-05, 1979.88071445
93, 16.7.27, ACTTTTAGTGACTACTGGATGAACTGGGTC, ACCCCAGTAGTCCATACCTCTGTAAGAACC, TFSDYWMNWV, GSYRGMDYWG, 3995.62614842, 189.779214116, 190.539159323, 183.120939011, 867.726101941, 821.604782607, 953.582157635, 2105.04118253, 2784.73489805, 3082.08621937, 3362.96702113, 4580.47833349, 189.779214116, 4.18246942483e-08, 3140.40893391
delta, 16.8.24, GAACCTCAGTCACCGTCTCCTCAGAACAAA, CCAGAGGCAACACAGGAGAGTTTCATGGGC, EPQSPSPQNK, AHETLLCCLW, 368.967341096, 972.18293983, 999.071051736, 897.271513055, 1079.3835673, 833.187095926, 786.414038255, 898.280015255, 961.586608676, 578.151737316, 754.246736655, 1428.9896417, 972.18293983, 0.00176520692533, 38225.5223383
opt, 16.8.24, ACTTTTGGTCACTACTGGATGAACTGGGTC, ACCCAAGTATTCCATACCATAGGAAGCACC, TFGHYWMNWV, GASYGMEYLG, 2185.30317554, 1172.9187307, 9207.84801473, 9848.71432767, 12181.1986692, 10073.3444727, 10797.336661, 12372.2153097, 11486.247653, 10913.4204224, 11211.9398205, 9841.10013338, 1172.9187307, 7.62539014158e-11, 9887.83505861
opt, 16.8.24, ACTTTTGGTCACTACTGGATGAACTGGGTC, ACCCAAGTATTCCATACCATAGGAAGCACC, TFGHYWMNWV, GASYGMEYLG, 1937.43440171, 927.742712042, 13331.9957458, 16632.3290963, 16821.2061602, 15934.3592754, 16257.4598008, 18392.7084626, 17245.5408973, 13659.1244047, 16740.9506545, 15344.3952169, 927.742712042, 6.47877888058e-11, 15460.6742821
opt, 16.8.24, ACTTTTGGTCACTACTGGATGAACTGGGTC, ACCCAAGTATTCCATACCATAGGAAGCACC, TFGHYWMNWV, GASYGMEYLG, 2329.25338299, 1484.62975697, 10455.8397312, 15357.2076572, 15155.3799338, 13929.9453588, 15433.0208557, 14271.0821257, 13618.750101, 12452.3119592, 14357.0430277, 12989.6306899, 1484.62975697, 9.58925641947e-11, 12729.6942948
pJK36, 16.8.24, ACTTTTAGTGACTACTGGATGAACTGGGTC, ACCCCAGTAGTCCATACCATAGTAAGAACC, TFSDYWMNWV, GSYYGMDYWG, 3196.11524527, 993.49695632, 2483.4719801, 3561.00837224, 5242.1906512, 5885.79548874, 7164.08876626, 10239.4754513, 11221.4612394, 11926.2933591, 12647.4518698, 12812.9233996, 993.49695632, 2.992961056e-09, 9551.70583528
pJK36, 16.8.5, ACTTTTAGTGACTACTGGATGAACTGGGTC, ACCCCAGTAGTCCATACCATAGTAAGAACC, TFSDYWMNWV, GSYYGMDYWG, 5839.03341752, 110.775235679, 529.508866431, 711.793736682, 1040.64658265, 1265.85258519, 1787.45396148, 2370.01000102, 2263.02882142, 2601.93858811, 3017.58449509, 3762.05006219, 110.775235679, 2.66314375177e-09, 2316.92841285
133, 16.8.5, GCATTTAGTGACTACTGGATGAACTGGGTC, ACCCCAGTAGTCCATACCATAGTAAGAACC, AFSDYWMNWV, GSYYGMDYWG, 4430.26995687, 75.9182013181, 727.314323809, 1851.04800878, 2855.65758575, 3458.59901681, 3579.72415034, 4477.44685607, 4638.8057213, 5412.04093002, 5572.69436682, 6584.39516662, 75.9182013181, 2.04132124172e-09, 4848.66319232
132, 16.8.5, ACTTTTATGGACTACTGGCTAAACTGGGTC, ACCCCAGTAGTCCATACCATAGTAAGAACC, TFMDYWLNWV, GSYYGMDYWG, 2446.58786988, 86.1962626472, 270.638991642, 418.253448523, 619.491968551, 721.782984649, 864.76647581, 953.538056703, 1041.30777559, 1174.10321828, 1272.50058471, 1524.5441329, 86.1962626472, 2.1801192403e-09, 1055.08487061
5, 16.8.5, ACTTTTAGTGACTACTGGATTAACTGGGTC, ACCCCAGTAGTCCATACCATAGTAAGAACC, TFSDYWINWV, GSYYGMDYWG, 4227.87795467, 69.6376142858, 315.273100444, 692.883826335, 962.867461929, 1538.98020299, 1905.78688679, 2187.85629458, 2406.9107134, 2744.63976219, 3279.86315571, 3684.10046398, 69.6376142858, 3.7681530588e-09, 2545.13942718
delta, 16.8.5, GAACCTCAGTCACCGTCTCCTCAGAACAAA, CCAGAGGCAACACAGGAGAGTTTCATGGGC, EPQSPSPQNK, AHETLLCCLW, 149.741489784, 74.9231154419, 66.3068969026, 59.9849750988, 83.0555834032, 101.277693972, 69.5922590427, 72.7164694402, 61.0408679377, 118.500833854, 255.355938243, 686.502193945, 74.9231154419, 0.000189427440368, 10550.8487061
93, 16.8.5, ACTTTTAGTGACTACTGGATGAACTGGGTC, ACCCCAGTAGTCCATACCTCTGTAAGAACC, TFSDYWMNWV, GSYRGMDYWG, nan, 80.5586651353, 121.660803702, 104.749683495, 326.216953524, 361.014068007, 840.495489724, 2431.87044997, 1724.49622767, 2230.9036854, 3703.01604522, 3777.23587586, 80.5586651353, 6.92374930273e-08, 2959.74770752
